type;fixed_acidity;volatile_acidity;citric_acid;residual_sugar;chlorides;free_sulfur_dioxide;total_sulfur_dioxide;density;pH;sulphates;alcohol;quality;rel_err_fixed_acidity;rel_err_volatile_acidity;rel_err_citric_acid;rel_err_residual_sugar;rel_err_chlorides;rel_err_free_sulfur_dioxide;rel_err_total_sulfur_dioxide;rel_err_density;rel_err_pH;rel_err_sulphates;rel_err_alcohol;rel_err_quality;rel_err;rnum
white;7.7444264667647;0.198291412732401;0.235818340029203;1.00421627243052;0.0415549208486178;37.1800252696789;85.6698336362091;0.74503095471519;2.62927497268565;0.628854232484844;9.94195361535283;5;0.369418;0.263816;0.121589;0.779572;0.286427;0.015831;0.040576;0.002973;0.011910;0.002164;0.057865;0;1.952141;85
red;7.20439550411709;0.48094594968146;0.390525033098952;2.22471477855906;0.084148714718451;15.827140736725;50.5500809118871;0.750273306307623;3.911421984041;0.552975422344846;8.2939298792698;5;0.055700;0.222064;0.129385;0.632620;0.444983;0.574006;0.611044;0.002515;0.081305;0.204933;0.123210;0;3.081765;55
red;6.23388874174549;0.485374774446952;0.152711385562413;2.16027568457075;0.0799932226335892;34.969030221759;65.9873231471713;0.750379530668153;3.20776120043711;0.635078254247621;12.0123982214197;6;0.369418;0.354577;0.372563;0.650989;0.373626;0.082474;0.533253;0.000907;0.047126;0.204933;0.008846;0;2.998712;48
white;8.69395168422912;0.446664512056235;0.372416717338709;4.0884751045666;0.046749285954695;36.3704220540233;139.016583636952;0.751310617367472;3.68797255788957;0.416285003680035;10.2476222750108;6;0.885453;0.118999;0.035269;0.081550;0.197231;0.016937;0.132292;0.000500;0.031590;0.171608;0.038805;0;1.710234;31
red;6.60867853367107;0.358325360012205;0.52335007429091;1.63686645809617;0.0768766035699429;21.3416274039049;34.224476608295;0.753058619619371;3.33828926106948;0.96214916795846;13.3696634025163;7;0.055700;0.060104;0.443103;0.614251;0.320108;0.213549;0.619688;0.000645;0.056447;0.600302;0.048335;0;3.032232;52
red;5.63573992732847;0.419795268989609;0.188601342078047;1.74369435070269;0.0685656194002193;13.8549684750742;37.0547448506749;0.76414133896897;2.94281681946694;0.649732509131029;8.48619578600158;5;0.571735;0.207341;0.247076;0.669358;0.177393;0.410162;0.593757;0.000907;0.047126;0.167279;0.008846;0;3.100980;58
white;7.29117969176541;0.365556061262795;0.26344223711786;1.7246598583598;0.0301273176152479;32.2078979076488;109.804706561434;0.765940430795426;2.70669396992149;0.575252150624202;15.4396230650176;7;0.055700;0.057684;0.035269;0.742834;0.482660;0.049705;0.057863;0.004521;0.021232;0.039818;0.219881;0;1.767167;41
white;7.26041876517018;0.423925162534066;0.376993325479602;5.30895179345728;0.0332439366788942;37.3124210022455;155.040614828008;0.767035364768425;3.57088794568569;0.390865898339851;11.8527977139047;7;0.369418;0.001209;0.027473;0.044812;0.429142;0.179675;0.210083;0.003053;0.040911;0.115126;0.172229;0;1.593131;14
red;5.363063734713;0.371870185762078;0.172639069531637;1.58868601637938;0.0799932226335892;33.3187047294561;63.9927634904605;0.769934828783571;3.20487602056407;0.617864232989758;10.4047206826794;6;0.369418;0.354577;0.372563;0.650989;0.373626;0.082474;0.533253;0.000907;0.047126;0.204933;0.008846;0;2.998712;49
white;8.23406257064796;0.269876763898291;0.335312352857034;2.60452208890618;0.0519436510607722;33.2561488513777;160.740308822244;0.772766429021637;3.81319256211723;0.452350586423904;9.74827924163013;6;0.369418;0.263816;0.027473;0.577513;0.108034;0.048600;0.348378;0.003315;0.024339;0.039818;0.086456;0;1.897160;68
white;8.34355696821792;0.354390143485542;0.358826363195302;7.49237416074302;0.0592157622092803;28.6317038635291;187.22200376936;0.774037100715935;2.6957708173698;0.446179223051428;9.98621707277616;6;0.258017;0.001209;0.058845;0.726684;0.016840;0.114138;0.538534;0.000846;0.021232;0.171608;0.008846;0;1.916799;74
red;7.54322723694559;0.441976215670941;0.152989915624258;1.43236706788706;0.0851875877396664;29.495948133846;42.0018528611894;0.778639111463845;3.95908408794392;0.649323043670011;10.872013796779;5;0.369418;0.266235;0.466679;0.669358;0.462822;0.115243;0.559183;0.001651;0.084412;0.204933;0.008846;0;3.208780;65
red;8.61032633747859;0.454994179249385;0.3603307091921;1.72754172623094;0.0820709686760201;22.9987504686178;49.8864018268;0.780194370738373;3.11305411883123;0.519953389903316;8.37947843069119;6;0.996854;0.207341;0.027473;0.632620;0.409304;0.311855;0.559183;0.001992;0.078198;0.035489;0.094619;0;3.354928;84
white;8.62801249928044;0.330914427485059;0.285431760691231;4.68508837878399;0.0270106985516015;30.2774658559053;87.7882248223461;0.784244393279654;3.52797418476379;0.908062541073075;14.2271463678588;5;0.055700;0.204921;0.160756;0.008074;0.536178;0.115243;0.014646;0.002973;0.027446;0.581475;0.210350;0;1.917762;75
red;8.96225161732562;0.541292611691912;0.281487972432;1.99178507888024;0.0768766035699429;16.2170014650245;46.1361268900793;0.788094748501791;4.30518193005193;0.518495142114443;8.85198547819419;5;0.258017;0.707945;0.058845;0.559144;0.320108;0.508468;0.524610;0.002113;0.075091;0.110798;0.027907;0;3.153046;59
red;8.52544678133025;0.467052975420887;0.269881237516659;2.05197043678182;0.0644101273153575;29.3569763528453;44.2839123138612;0.796205896551704;2.81795743115909;0.791657570832488;12.0479717018107;7;0.258017;0.413472;0.003897;0.614251;0.106036;0.015831;0.533253;0.002596;0.025375;0.223760;0.046967;0;2.243455;17
white;6.38194265866919;0.257914313294252;0.541405190096304;7.53559327602003;0.0425937938698332;28.56789221846;85.3496343609399;0.797550303807997;3.55615132330627;0.492553385933282;13.8780344980511;8;0.369418;0.175474;0.537218;0.193984;0.268588;0.082474;0.040576;0.002108;0.059555;0.091971;0.162699;0;1.984065;98
red;6.95020605184974;0.396298663670041;0.290349942554312;1.43782225793718;0.0768766035699429;31.9024191915746;81.8872957521236;0.798671847080379;3.73792608186302;0.454615077929629;10.0173582426493;5;1.199171;0.442919;0.035269;0.650989;0.320108;0.115243;0.265306;0.002374;0.059555;0.091971;0.142271;0;3.325176;79
white;7.66310827865539;0.0932024086788033;0.298932384060446;8.28762471069598;0.0581768891880649;28.4263356553776;89.0182821783379;0.801391983012553;3.55226294019688;0.413121256800971;8.50301352044052;6;0.055700;0.661355;0.058845;0.249091;0.000999;0.148012;0.092437;0.000706;0.068876;0.246916;0.085089;0;1.668026;25
red;8.6911785335661;0.333188960674517;0.333645988562303;1.9515326159398;0.0810320956548047;30.8925133236387;49.6090077699071;0.802858171641287;3.50903183817387;0.489903243391142;8.91482014698584;6;1.199171;0.177893;0.090217;0.650989;0.391465;0.049705;0.429532;0.002415;0.071983;0.110798;0.094619;0;3.268787;71
white;6.80791850816891;0.206707464774726;0.329574185962788;1.56410791184387;0.0394771748061869;36.3761730314282;106.271791870069;0.808171391067815;2.59860804031838;0.562810452910624;12.2507426896384;6;0.055700;0.293263;0.152961;0.742834;0.322106;0.015831;0.054501;0.002008;0.021232;0.133954;0.018376;0;1.812766;51
red;7.12249106044515;0.565076033787201;0.195149475414655;2.30255409934357;0.0831098416972355;16.4742334566496;114.850057963717;0.812876422351557;2.7479561497154;0.497698850400702;10.7960046188506;5;0.258017;0.737393;0.184333;0.632620;0.427144;0.442930;0.101080;0.001148;0.019161;0.020991;0.056498;0;2.881315;40
white;7.68007124953846;0.310224274217354;0.355462085046958;5.31370004182585;0.0394771748061869;21.099610944106;84.2321395902807;0.813148149487408;3.15426891168919;0.681904070702368;9.60539302077868;7;0.055700;0.060104;0.129385;0.047032;0.322106;0.148012;0.152941;0.003315;0.089590;0.110798;0.191290;0;1.310273;3
white;7.76807053490058;0.188153479207889;0.343951411323882;1.64059397865977;0.056099143145634;23.5540988562147;86.2857859132765;0.815829346439196;3.75823975963213;0.459872918280695;12.7120364800492;6;0.055700;0.263816;0.003897;0.724465;0.036677;0.213549;0.092437;0.003174;0.015017;0.096299;0.057865;0;1.562896;11
white;7.98794675277058;0.299287681721263;0.335911825603796;5.48056517701368;0.0384383017849714;38.7112272308634;91.4781999272353;0.823772302626367;3.32322046472442;0.443172999089726;10.09625652904;6;0.369418;0.234369;0.003897;0.083770;0.339945;0.277981;0.161584;0.001304;0.028483;0.246916;0.105517;0;1.853184;60
red;7.05495276233119;0.461675968684882;0.257151831387971;8.45935358266017;0.0706433654426502;28.4566463995986;115.909497238401;0.824984637675403;3.40423484905464;0.511421898038675;8.87292329822273;6;1.624290;0.236788;0.152961;0.579733;0.213072;0.213549;0.279231;0.000102;0.018124;0.073143;0.076926;0;3.467919;99
white;8.95828909808604;0.280919443807617;0.277746126769274;3.97361087406427;0.0457104129334795;25.1135595738789;102.778302356762;0.827930857204227;3.42380684849208;0.305615888130252;10.0696467747953;6;0.571735;0.146027;0.215704;0.301978;0.215070;0.016937;0.014646;0.002712;0.033660;0.246916;0.048335;0;1.813720;52
red;8.48772753091214;0.464892396945316;0.405952722006355;2.88531429248233;0.0758377305487274;26.5467888173023;64.7713148275762;0.829522820313557;3.32741556094783;0.770177909965129;10.2149959864448;4;0.885453;0.118999;0.505846;0.522406;0.302268;0.279087;0.273949;0.002515;0.031590;0.317896;0.085089;0;3.325098;78
white;5.57396077738253;0.301267217103906;0.247045037308874;2.33838033225055;0.0436326668910487;19.4175305317959;104.97021036616;0.83261665310486;3.5180438320596;0.540382746377193;11.755081544333;6;0.369418;0.263816;0.058845;0.559144;0.250749;0.180780;0.054501;0.000701;0.065769;0.148452;0.000683;0;1.952858;86
red;5.82835336761217;0.407789671606486;0.359225479146739;2.12305306123995;0.0851875877396664;26.2875324531884;62.8999837440624;0.83601524236385;4.04081724736544;0.491542450355653;8.20186986618313;5;1.199171;0.148446;0.027473;0.577513;0.462822;0.246318;0.386314;0.003520;0.093734;0.223760;0.075558;0;3.444629;93
red;5.89411765216477;0.394561978433274;0.468325141782191;5.93507458232277;0.0727211114850811;23.217772720341;144.910191249776;0.837689268072634;3.20622902671941;0.661581900341678;11.1956572328308;5;0.369418;0.266235;0.317615;0.010294;0.248751;0.049705;0.115005;0.002616;0.062662;0.355550;0.000683;0;1.798534;1
red;5.41407059394922;0.40867608722723;0.293799350427021;2.41967073060162;0.0706433654426502;25.4591314331641;41.6416879597216;0.838239036259374;3.93990636188955;0.863650609824877;12.011544234289;7;0.055700;0.118999;0.192128;0.485668;0.213072;0.246318;0.636974;0.001143;0.037804;0.355550;0.229411;0;2.572767;29
red;7.23073379991475;0.314237760526762;0.397586048889877;2.26212321529591;0.0644101273153575;18.3096432782338;25.3271035204069;0.839697463148112;3.14980985069481;0.548114293150583;11.4164495006069;7;0.055700;0.089551;0.003897;0.632620;0.106036;0.508468;0.757983;0.000002;0.003625;0.374377;0.076926;0;2.609185;31
red;7.85916540113359;0.536725755024838;0.252290625955619;8.16134197203857;0.0727211114850811;35.8487895428872;120.71203349892;0.840244248568202;2.86821969170508;0.578634788714486;10.9812080308815;5;0.571735;0.766840;0.184333;0.340936;0.248751;0.179675;0.045857;0.003520;0.047126;0.077472;0.104149;0;2.570394;26
white;8.21523736155755;0.201045585316534;0.246108288277647;7.77298132111181;0.0623323812729267;32.4886071075524;135.800188357949;0.844993307499478;2.85646669466336;0.481782581370471;9.65058767949713;6;0.055700;0.352158;0.121589;0.322567;0.070358;0.343519;0.140935;0.001204;0.042982;0.110798;0.076926;0;1.638736;21
red;9.1362581730464;0.589821929961495;0.311360798040852;5.46621643403327;0.0737599845062965;17.4598364437369;100.085462926198;0.84511921297408;2.52903396672;0.774251369479767;9.75930110111054;5;0.885453;0.472367;0.129385;0.120508;0.266590;0.442930;0.118367;0.003118;0.040911;0.506166;0.000683;0;2.986478;46
white;8.61436555522753;0.134428922804337;0.444658607917022;5.42621610439586;0.0612935082517112;40.949663925039;134.140592303347;0.845236608552619;2.79777560555881;0.452170445240558;9.2158275698463;7;0.055700;0.499395;0.160756;0.267460;0.052518;0.540131;0.106362;0.001485;0.042982;0.133954;0.048335;0;1.909078;70
red;8.50896508804345;0.370376566967618;0.313160833837601;1.74041401123727;0.0862264607608819;26.8341653836857;63.7890186351621;0.847262801688516;4.25426822287937;0.427041407827351;7.68414802240134;5;0.055700;0.207341;0.058845;0.614251;0.480661;0.146906;0.377671;0.002314;0.068876;0.020991;0.104149;0;2.137705;11
white;6.17579859765694;0.207705106715503;0.234269652277024;4.43474078133214;0.0457104129334795;26.7562239941809;82.8301252151014;0.848277154605774;2.82510992585023;0.406535932743838;10.8139251098096;5;0.055700;0.411053;0.215704;0.173395;0.215070;0.015831;0.057863;0.000203;0.003625;0.322224;0.104149;0;1.574817;12
white;5.99547572646516;0.225760663324271;0.560661909655338;5.60405707383668;0.0290884445940324;34.4036293034222;132.408729766259;0.849175813466491;2.69271059940437;0.45537333657429;8.51916920483816;6;0.258017;0.234369;0.537218;0.081550;0.500499;0.048600;0.075150;0.001103;0.006732;0.016662;0.029274;0;1.789174;45
white;7.93207343006932;0.13271967935633;0.414631293077792;4.94633254807687;0.0436326668910487;17.9546245506687;128.421143785813;0.854336059357034;2.42274662497934;0.413356800021176;11.7618641895889;6;0.055700;0.499395;0.066641;0.175615;0.250749;0.475699;0.040576;0.001927;0.070947;0.246916;0.029274;0;1.913439;71
red;5.68359221551077;0.853710451859195;0.297397595345805;2.13845375021478;0.0716822384638657;40.3480582848181;126.075296184969;0.855741647586979;3.81644415370021;0.446467333100355;10.7091521471926;5;0.258017;1.031866;0.003897;0.595882;0.230911;0.146906;0.101080;0.001630;0.034697;0.039818;0.094619;0;2.539323;25
white;7.02888805060801;0.297698090024846;0.400190747849834;6.42483801199901;0.0498659050183413;35.2572838566816;144.811874281383;0.857674840879263;3.37129464330732;0.556134478313063;7.58407966807529;5;0.258017;0.293263;0.066641;0.377674;0.143713;0.049705;0.313804;0.001510;0.036768;0.016662;0.142271;0;1.700028;29
white;7.18379300950109;0.274378383459627;0.235838784014072;2.48273905218701;0.0436326668910487;35.7036561008759;94.8169184123818;0.857680249491531;2.70052712737843;0.507994824904286;12.1464977148235;7;0.258017;0.293263;0.058845;0.540775;0.250749;0.015831;0.101080;0.003616;0.052304;0.054316;0.076926;0;1.705722;30
white;5.66585379531201;0.189263334441555;0.303176651083818;5.577970467031;0.0581768891880649;45.720007510639;113.802526693569;0.859981948879095;2.39128240061956;0.607066791879716;11.6745148614355;7;0.885453;0.381605;0.003897;0.118288;0.000999;0.277981;0.023289;0.000771;0.033660;0.020991;0.027907;0;1.774841;42
red;7.26248354871586;0.289010319234212;0.537274488008737;2.79946518806811;0.0851875877396664;22.4035391426405;75.9559648503302;0.861707381448896;2.85018663292458;0.75824251539554;9.52967695010471;6;0.571735;0.089551;0.348987;0.522406;0.462822;0.410162;0.291236;0.002395;0.034697;0.280241;0.075558;0;3.089790;56
white;8.07730246869374;0.279788110595619;0.219163640082058;1.87109432063109;0.0394771748061869;30.1207221403078;147.093694638582;0.863476351975767;2.84573878594223;0.437416166443569;10.7747140402711;5;0.258017;0.057684;0.090217;0.724465;0.322106;0.048600;0.244657;0.001746;0.005696;0.035489;0.029274;0;1.817951;53
red;6.56336597417243;0.273203779977963;0.495377391500385;1.615805837297;0.065449000336573;23.4070421551296;80.5550010198886;0.865739299961018;4.1062797483538;0.658699837671026;10.27827567725;5;0.683136;0.322711;0.254872;0.706096;0.123875;0.311855;0.420888;0.000505;0.087519;0.186106;0.057865;0;3.155428;60
white;8.7525272211305;0.382564090300678;0.296109263473756;4.43403855179382;0.0457104129334795;28.6400948425275;134.106623905656;0.866124185832432;3.63854817431683;0.419551894235305;10.3332053089029;8;0.571735;0.177893;0.090217;0.008074;0.215070;0.015831;0.054501;0.000701;0.025375;0.058645;0.057865;0;1.275907;1
red;5.47809781224063;0.419421046900126;0.417671493666067;4.96032521782166;0.0768766035699429;10.8622850612759;74.0486108297513;0.868027495606593;3.0913152556413;1.00315269811574;9.96571931330277;5;0.258017;0.325130;0.129385;0.083770;0.320108;0.606774;0.248019;0.003118;0.034697;0.562648;0.000683;0;2.572349;28
red;8.09893743263842;0.440925746677341;0.343672003544984;5.95972733427378;0.0737599845062965;29.4247670160255;120.519123119847;0.8698813401087;2.86759930353237;0.688267261303254;12.6263521637812;5;0.369418;0.266235;0.317615;0.010294;0.266590;0.082474;0.106362;0.002616;0.062662;0.336723;0.000683;0;1.821672;4
red;8.0515453104499;0.35916017026584;0.244660070701855;1.9293123034801;0.0768766035699429;13.5982113886383;18.6208936797188;0.872138228305252;2.61875270342837;0.606590504909732;10.1547768274005;8;0.571735;0.060104;0.058845;0.669358;0.320108;0.442930;0.792557;0.000510;0.006732;0.317896;0.086456;0;3.327231;82
red;7.50773976155172;0.435281486495577;0.270853147718082;2.17959369265399;0.0758377305487274;35.8473352842761;85.7048018689115;0.876314928494517;3.8012273934948;0.715710700441508;7.7880080758164;6;0.055700;0.118999;0.058845;0.669358;0.302268;0.015831;0.394958;0.002163;0.062662;0.110798;0.094619;0;1.886201;5
white;5.54681782209482;0.336306501212106;0.27342556411237;1.61212326845288;0.0529825240819876;35.7194724679791;123.59777543348;0.880225532116869;4.07186453487669;0.475217711583718;12.7597817211922;6;0.369418;0.001209;0.003897;0.632620;0.090195;0.049705;0.123649;0.001163;0.025375;0.058645;0.008846;0;1.364722;4
white;7.96022353966574;0.374992411339908;0.145715575434828;4.9376363615999;0.0498659050183413;16.0224860474682;124.901064560216;0.88105041264753;2.93041698181569;0.424474672565648;9.58037634755019;5;0.055700;0.384025;0.498051;0.083770;0.143713;0.541237;0.080431;0.000419;0.039875;0.077472;0.066028;0;1.970721;94
white;5.88830470730635;0.23390011688831;0.329631968856035;2.55042087469444;0.0498659050183413;27.0021127157476;158.70006245869;0.885483206076528;3.53321713843394;0.456191169169426;10.7697576071636;6;0.055700;0.204921;0.152961;0.559144;0.143713;0.016937;0.287874;0.001103;0.036768;0.039818;0.123210;0;1.622149;17
red;6.53946551619843;0.371332485979092;0.29047490257417;2.57554846544043;0.0862264607608819;41.6479789506577;88.7799303176645;0.891646373740698;2.62388915369704;0.500248922162302;7.05315730137974;5;0.055700;0.207341;0.058845;0.614251;0.480661;0.146906;0.377671;0.002314;0.068876;0.020991;0.104149;0;2.137705;10
white;8.28677554513834;0.293741797041909;0.385559314327778;1.43990657536424;0.056099143145634;26.2494219877125;171.648083259304;0.893167387539181;3.72550984042403;0.408714514097845;11.3867554961577;5;0.258017;0.175474;0.098013;0.706096;0.036677;0.015831;0.279231;0.002933;0.011910;0.115126;0.019744;0;1.719052;34
red;5.86637631010186;0.408076452708807;0.343432839392776;1.87386218623865;0.0831098416972355;33.7346066142868;90.3995658065047;0.894170036909847;3.08232305292008;0.714799007624122;8.77141484577169;6;0.258017;0.177893;0.058845;0.687727;0.427144;0.081369;0.317167;0.002214;0.059555;0.223760;0.094619;0;2.388310;21
red;6.15024545078811;0.465700115004976;0.160628625287719;3.29280103706656;0.0789543496123738;17.280192246178;31.7550521357574;0.895349089228259;3.56909509195312;0.510842931987835;11.4159976437382;5;0.369418;0.354577;0.560794;0.485668;0.355786;0.508468;0.680192;0.001550;0.044019;0.077472;0.019744;0;3.457688;95
red;6.41745915297172;0.309973908075031;0.430934973088103;2.95083680852393;0.0914208258669591;42.4268278569335;81.7315059521311;0.895379768699516;2.55344940138882;0.937179745391029;10.6140355385716;5;0.258017;0.074828;0.537218;0.540775;0.569858;0.277981;0.083793;0.001912;0.044019;0.468512;0.048335;0;2.905248;42
white;7.61429128045607;0.30306735281809;0.276119644061747;7.58587524884607;0.0353216827213251;22.4783874892323;102.053728394316;0.896375585456936;3.32624192469682;0.340224130804858;12.4885314214384;6;0.683136;0.116579;0.003897;0.175615;0.393463;0.082474;0.161584;0.002309;0.003625;0.171608;0.124577;0;1.918867;76
white;6.15401986772881;0.113447794564286;0.300506539605373;4.36567763031334;0.0581768891880649;29.3870226341377;102.3429936034;0.897600380159751;3.7448718352202;0.422130027576635;10.0649050245672;6;0.683136;0.617184;0.058845;0.081550;0.000999;0.015831;0.054501;0.000198;0.078198;0.209262;0.000683;0;1.800387;48
white;7.60799027161658;0.32640162657542;0.317532571694444;7.04453472265;0.0477881589759104;49.942272100727;144.602237887142;0.905389382309588;3.43470638931643;0.474669967585694;11.6892187079304;5;0.055700;0.087132;0.098013;0.322567;0.179392;0.474594;0.538534;0.000806;0.024339;0.002164;0.075558;0;1.858799;62
red;7.18650889106524;0.374973968929831;0.267443938384918;2.6173837551957;0.0727211114850811;4.42924954684373;39.7473745849628;0.910925828375399;2.81801330015786;0.540624035155594;10.272264308812;5;0.055700;0.442919;0.247076;0.595882;0.248751;0.836156;0.688835;0.001309;0.034697;0.096299;0.104149;0;3.351773;83
red;5.87180117820658;0.437646247574511;0.342908977113472;4.72330667847792;0.0727211114850811;24.4048258275232;146.488812144775;0.91289995867587;3.61343543301233;0.864350354590038;9.19763053763526;5;0.369418;0.266235;0.317615;0.010294;0.248751;0.049705;0.115005;0.002616;0.062662;0.355550;0.000683;0;1.798534;2
red;6.68327017832235;0.633615833572814;0.295674778725381;2.90042884057909;0.0872653337820973;12.0911259897668;78.5324231020884;0.912953662982191;4.13469869061174;0.63703998682043;8.77815996967938;5;0.055700;0.590156;0.152961;0.522406;0.498501;0.606774;0.325810;0.001711;0.053340;0.336723;0.048335;0;3.192417;61
red;7.55174101346978;0.436989787838607;0.268777990004242;2.88637990211082;0.0810320956548047;30.6898668627598;64.0913769128609;0.913510424840952;3.52184568201418;0.614081464849007;9.53228049239396;6;0.258017;0.266235;0.247076;0.540775;0.391465;0.115243;0.420888;0.001791;0.118591;0.110798;0.057865;0;2.528744;24
white;7.95560304662515;0.432661631277307;0.225838411563564;6.5057112958281;0.0436326668910487;29.7853230592929;94.4775412086789;0.914942938683005;3.62877299159178;0.366245982927073;9.05382441791248;5;0.571735;0.030657;0.247076;0.102139;0.250749;0.082474;0.063144;0.001666;0.024339;0.171608;0.076926;0;1.622513;18
red;6.18195224412242;0.706727955889883;0.0619172444903392;3.01259359286033;0.0851875877396664;25.2411279166321;84.4724185463274;0.916340903931428;3.58858873474009;0.447461509642831;11.7083062878639;5;0.055700;0.796287;0.749025;0.265240;0.462822;0.148012;0.066506;0.001721;0.009839;0.039818;0.104149;0;2.699119;35
white;5.69156122071011;0.263069213428655;0.283404395113028;5.56917681950255;0.0623323812729267;46.4503208750312;101.099744563412;0.916484995175231;3.03825557850617;0.626366460426806;13.1630778170218;6;0.055700;0.352158;0.121589;0.322567;0.070358;0.343519;0.140935;0.001204;0.042982;0.110798;0.076926;0;1.638736;20
white;8.30573071833713;0.247654211655269;0.3552539904174;4.21327599371613;0.0394771748061869;32.5993888729466;180.496111846066;0.918913168475499;3.75984232635112;0.581222953128095;9.76104590877204;6;0.369418;0.057684;0.090217;0.265240;0.322106;0.081369;0.469387;0.000068;0.016054;0.204933;0.027907;0;1.904383;69
red;8.48879089262119;0.300973892972333;0.487966603258729;1.66815568606959;0.0768766035699429;22.1681827120367;46.4109887457367;0.921353765487975;2.74136659530979;0.727532455858236;8.94166799540874;7;0.055700;0.060104;0.443103;0.614251;0.320108;0.213549;0.619688;0.000645;0.056447;0.600302;0.048335;0;3.032232;50
white;7.42760755302449;0.235517565612492;0.341902077385034;2.68812920202712;0.0384383017849714;34.9897538964928;104.555401832871;0.924757223064179;3.43752882177775;0.541854938613501;12.5517843483459;7;0.055700;0.293263;0.090217;0.595882;0.339945;0.212444;0.118367;0.002712;0.016054;0.204933;0.048335;0;1.977852;96
white;5.87487817378524;0.204972124742661;0.346712199646601;2.26525499588931;0.0342828097001097;24.6513325862227;117.580458978448;0.925470138559779;2.49374659310713;0.49951185163671;14.245225356844;7;0.055700;0.322711;0.223500;0.577513;0.411303;0.049705;0.118367;0.003918;0.012947;0.016662;0.172229;0;1.964555;89
white;5.86802414888271;0.262302409110767;0.469362534977144;2.75284842253326;0.0342828097001097;25.0569797524095;95.3575001879506;0.931503516970375;2.99009187566382;0.628980497368699;14.3346748048827;7;0.055700;0.322711;0.223500;0.577513;0.411303;0.049705;0.118367;0.003918;0.012947;0.016662;0.172229;0;1.964555;90
red;7.35471549827368;0.507151328268082;0.119155874491007;2.23543439707121;0.0810320956548047;27.6661657755224;51.7863847244652;0.931692426857444;2.68408590259795;0.506284525980466;10.9345858288538;6;0.571735;0.531261;0.592166;0.559144;0.391465;0.114138;0.472749;0.000585;0.065769;0.110798;0.029274;0;3.439084;92
white;7.60663836782824;0.264530750917185;0.297106149163826;2.3811922138085;0.0384383017849714;37.7690972953313;112.13607582351;0.93249460133589;3.27564000454295;0.549077474718584;11.5393173722703;7;0.055700;0.293263;0.090217;0.595882;0.339945;0.212444;0.118367;0.002712;0.016054;0.204933;0.048335;0;1.977852;97
white;5.5618871811711;0.266162458765018;0.324539609598155;3.12649018993751;0.0457104129334795;28.1103300893631;134.196514030796;0.933709370214997;3.37728716098673;0.633287885175695;12.395257194533;8;0.258017;0.116579;0.066641;0.504037;0.215070;0.114138;0.066506;0.003667;0.044019;0.002164;0.219881;0;1.610719;15
red;7.87651676772039;0.415171606148262;0.286839205771038;3.08151809174141;0.0903819528457436;29.9212813679995;87.4428973670601;0.936645262591016;3.27778850415882;0.574238985003942;12.9351684186774;5;0.571735;0.060104;0.090217;0.522406;0.552019;0.148012;0.377671;0.001761;0.053340;0.280241;0.048335;0;2.705841;36
white;6.47906906580128;0.431443889963337;0.426313352757811;6.63671099224494;0.046749285954695;34.6481722295122;145.36384737389;0.937465587378069;3.4581528157953;0.319678291060873;14.1648325903676;7;0.258017;0.236788;0.192128;0.249091;0.197231;0.049705;0.054501;0.002209;0.008803;0.303397;0.200820;0;1.752690;38
red;9.2531351338954;0.521870889989061;0.23597861987659;4.14757128605173;0.108042794206406;30.1251693685171;105.485640800746;0.942909231508637;3.61981693082218;0.46399568507969;10.2120396620839;5;1.199171;0.236788;0.215704;0.283609;0.855287;0.082474;0.222089;0.003159;0.021232;0.073143;0.132740;0;3.325396;81
red;7.06163920784384;0.418631869923269;0.348001186364146;2.3432565187887;0.0644101273153575;25.6022876469352;43.9108219415157;0.944278820886442;2.54227067599424;0.648892226464453;11.5813174792056;7;0.258017;0.413472;0.003897;0.614251;0.106036;0.015831;0.533253;0.002596;0.025375;0.223760;0.046967;0;2.243455;18
white;8.87657906668895;0.184734944228146;0.271915973028696;3.57556049553149;0.037399428763756;27.2550809960021;130.949487329503;0.944836140339247;2.90278200781169;0.371764266304931;10.4053627299886;6;0.055700;0.381605;0.035269;0.448930;0.357785;0.146906;0.140935;0.001907;0.009839;0.246916;0.048335;0;1.874127;65
red;6.54139862565291;0.431097181956041;0.158780732778337;3.82738566428842;0.108042794206406;33.3330080539384;93.9282505159821;0.944888921115437;3.39423834786259;0.534948768853337;10.1810865181689;5;0.885453;0.207341;0.529422;0.320347;0.855287;0.049705;0.187515;0.003179;0.024339;0.091971;0.132740;0;3.287299;72
white;5.35976893759105;0.22563200120487;0.317518158921201;2.63587765740515;0.0457104129334795;22.463463701895;143.83937820055;0.945043081365185;3.89514336159866;0.597054414065328;10.2818410067442;8;0.369418;0.234369;0.027473;0.595882;0.215070;0.049705;0.106362;0.001002;0.037804;0.204933;0.038805;0;1.880823;66
red;7.1696433598092;0.357155287111853;0.305142768087323;2.02611260878607;0.0675267463790039;25.8881142086896;72.7742243258752;0.945252943079583;2.89680827493112;0.644216126937457;11.7908093759058;5;0.055700;0.148446;0.003897;0.669358;0.159554;0.114138;0.481392;0.002455;0.075091;0.468512;0.056498;0;2.235041;16
white;8.93459302294507;0.305851277881505;0.253858585441099;5.52040277689538;0.056099143145634;51.0061415787546;188.709858747141;0.946968893675358;3.09834186834647;0.443694197730557;9.73731502950484;6;0.571735;0.175474;0.058845;0.026443;0.036677;0.441825;0.391596;0.000600;0.030553;0.096299;0.018376;0;1.848423;59
red;7.19072428774832;0.35905327072857;0.308688948164019;2.15410470384488;0.09349857190939;39.9787763114489;97.175042361846;0.947385530669275;3.15825736338968;0.788288635446244;9.07050506765323;5;0.055700;0.001209;0.003897;0.540775;0.605537;0.409056;0.023289;0.001912;0.031590;0.487339;0.057865;0;2.218169;15
red;6.56571935546709;0.274125708755795;0.267172360171775;1.92809346274355;0.0851875877396664;28.0042108594332;62.0768602911191;0.949063606636253;2.78339180051865;0.422990852970176;11.008646446611;5;0.369418;0.001209;0.121589;0.632620;0.462822;0.015831;0.412245;0.002254;0.071983;0.096299;0.104149;0;2.290419;20
red;8.67288076615455;0.492033708416072;0.109112232012998;1.8070343797894;0.0602546352304958;18.0737201742419;17.7050699091219;0.95460871822564;2.70310922622812;0.82993755044733;7.68532466063626;6;0.055700;0.560709;0.592166;0.632620;0.034679;0.410162;0.809844;0.001037;0.002588;0.280241;0.056498;0;3.436244;91
red;7.06699618410958;0.448779840694056;0.500876548230598;4.28958038373076;0.0623323812729267;29.7997335870151;127.424712517145;0.966338628328744;3.73155696096072;0.922325058189474;10.5743549877082;5;0.683136;0.442919;0.537218;0.028663;0.070358;0.148012;0.045857;0.002716;0.037804;0.430858;0.000683;0;2.428224;23
red;7.28349137578433;0.293762709466226;0.422048666099956;2.59297738507622;0.0768766035699429;21.9126270157363;46.3298109631194;0.966763110969568;2.96369939074616;0.737905633718248;11.2071712529712;7;0.055700;0.060104;0.443103;0.614251;0.320108;0.213549;0.619688;0.000645;0.056447;0.600302;0.048335;0;3.032232;51
red;7.38921777998764;0.440580222036938;0.245416269272577;1.80101794079849;0.0581768891880649;11.6207260483408;29.8390191672241;0.967440083113997;3.27583914629336;0.941297885995859;9.73148668415173;8;0.055700;0.118999;0.027473;0.632620;0.000999;0.508468;0.749339;0.000022;0.003625;0.430858;0.076926;0;2.605029;30
red;6.45916982032177;0.449110014319325;0.380272412581644;1.62383591866051;0.0768766035699429;22.1336232805402;50.3654854756077;0.970162288860301;3.48265829467728;0.968890871676714;11.1273555035793;7;0.055700;0.060104;0.443103;0.614251;0.320108;0.213549;0.619688;0.000645;0.056447;0.600302;0.048335;0;3.032232;53
red;7.78026725208551;0.354915672875166;0.202248525020784;2.24751287165759;0.0779154765911583;31.0086675401034;72.0835081069148;0.972770628897103;2.725839694163;0.521555570933183;12.0414437948415;6;0.055700;0.001209;0.341192;0.540775;0.337947;0.343519;0.412245;0.001168;0.047126;0.016662;0.037437;0;2.134980;9
red;8.11854652349088;0.289952117418806;0.23369934675712;1.59073116955843;0.0758377305487274;33.3345048736192;75.6090634631162;0.974524879346804;3.59224058188833;0.538939401118485;8.53999378954686;6;0.055700;0.118999;0.058845;0.669358;0.302268;0.015831;0.394958;0.002163;0.062662;0.110798;0.094619;0;1.886201;6
white;6.88207770192532;0.159557614799784;0.300368290150319;5.23159728630565;0.0436326668910487;16.3501379371739;105.921596012558;0.977337303571429;3.27620599044749;0.484607488292073;9.49047598009386;6;0.055700;0.499395;0.066641;0.175615;0.250749;0.475699;0.040576;0.001927;0.070947;0.246916;0.029274;0;1.913439;72
white;6.19692970097834;0.317866555606824;0.27585553775853;6.51359535799199;0.0332439366788942;27.622569717857;136.62672362523;0.978251217728818;2.91126912100978;0.305011543608422;10.0877871913746;5;0.258017;0.087132;0.215704;0.221537;0.429142;0.016937;0.192796;0.002269;0.098912;0.303397;0.057865;0;1.883708;67
white;7.86841694735138;0.234948007580027;0.266601988817123;1.31522700308098;0.0592157622092803;20.2624198860593;133.222321020029;0.978887212468063;3.27682927356995;0.350718495617001;8.26350507128064;5;0.055700;0.087132;0.247076;0.742834;0.016840;0.442930;0.011284;0.001907;0.018124;0.341051;0.000683;0;1.965561;92
red;7.79782807064769;0.326596415302139;0.354770333914934;3.97497983464414;0.0633712542941421;7.13756106220419;32.9037138909834;0.979750690457423;3.28406011985358;0.528469788884744;8.90062304335315;7;0.683136;0.177893;0.003897;0.338716;0.088197;0.705081;0.749339;0.000540;0.019161;0.077472;0.076926;0;2.920358;44
white;7.62575661106016;0.195744430077519;0.286959158857648;3.42907906899916;0.0457104129334795;40.4362353383381;132.818730906349;0.982839869810594;2.58577621083422;0.679688886340854;8.52569925946536;6;0.055700;0.381605;0.090217;0.430561;0.215070;0.277981;0.054501;0.003285;0.067840;0.129625;0.076926;0;1.783311;44
red;6.94305403718222;0.358210162458558;0.241719347784576;1.64573890461144;0.0696044924214348;22.9211294802134;45.2952963561187;0.98449101557138;3.92813260446017;0.636934336459147;11.0237291600804;4;0.258017;0.030657;0.247076;0.632620;0.195233;0.082474;0.585114;0.001067;0.065769;0.016662;0.046967;0;2.161656;12
white;8.41592976581793;0.346889107685302;0.453847889335417;5.71642895850371;0.0353216827213251;26.0763521669115;148.5650024196;0.994305707072632;3.08554910085585;0.476583597278193;10.4701064858254;6;0.683136;0.146027;0.160756;0.099919;0.393463;0.148012;0.097718;0.001907;0.015017;0.171608;0.029274;0;1.946837;82
red;6.57860594158398;0.353358420420544;0.255313266927514;3.0415929863201;0.0758377305487274;24.9103788989529;53.4699985725216;0.995932031266896;3.30924466200063;0.451080340645847;8.33888478793783;6;1.512889;0.266235;0.215704;0.522406;0.302268;0.049705;0.455462;0.001460;0.047126;0.091971;0.000683;0;3.465909;97
red;5.78211070898735;0.502381029783718;0.321708826584117;6.52056261182715;0.0768766035699429;11.9615603347068;66.0448251098968;1.00404375328056;3.13749021963932;0.765882727230238;10.2452601649509;5;0.258017;0.325130;0.129385;0.083770;0.320108;0.606774;0.248019;0.003118;0.034697;0.562648;0.000683;0;2.572349;27
white;8.55951825311647;0.246535077118997;0.335953055555639;8.74037560944534;0.0581768891880649;32.2057165273932;106.964177178245;1.00738620552536;2.70943800449005;0.467588720825258;11.4488487727179;5;0.369418;0.381605;0.152961;0.579733;0.000999;0.148012;0.040576;0.000907;0.083376;0.020991;0.094619;0;1.873197;63
red;8.40388043275352;0.258586389854509;0.181122179615628;2.41789907405957;0.0685656194002193;38.2369649417836;56.7267339338559;1.00768510455552;4.26974384083846;0.720424837856884;11.1373156278683;5;0.258017;0.057684;0.278448;0.577513;0.177393;0.146906;0.394958;0.001188;0.065769;0.167279;0.037437;0;2.162592;13
red;7.2254201079099;0.299483907783741;0.319087091708169;1.7944145444096;0.056099143145634;20.1113224174265;58.2640405154206;1.00900067072645;2.98347068353194;0.807104427077978;12.2518623914709;7;0.571735;0.263816;0.090217;0.595882;0.036677;0.377393;0.576470;0.001972;0.056447;0.430858;0.038805;0;3.040272;54
white;6.71778358902945;0.346550117662479;0.286618499242105;1.42882710499404;0.056099143145634;30.4411036527785;139.955755805065;1.00903356097879;3.09492381497928;0.442160737550858;10.0878788485406;5;0.258017;0.175474;0.098013;0.706096;0.036677;0.015831;0.279231;0.002933;0.011910;0.115126;0.019744;0;1.719052;35
red;7.83889552040265;0.35364076448267;0.448242550044809;6.68138437351777;0.0737599845062965;22.4380741045691;120.368130752041;1.01554789201977;3.99958506247968;0.754762767865157;8.80772207623569;5;0.369418;0.266235;0.317615;0.010294;0.266590;0.082474;0.106362;0.002616;0.062662;0.336723;0.000683;0;1.821672;3
white;5.43726971940207;0.190993077304881;0.382842571001947;5.44459039143733;0.0353216827213251;20.1154913255583;124.11655164474;1.0163400638505;2.38709657388493;0.412818213131098;10.8788120070527;7;0.055700;0.440500;0.027473;0.157246;0.393463;0.442930;0.109724;0.001656;0.021232;0.020991;0.086456;0;1.757371;39
white;6.91020743846733;0.303633294357272;0.442604902016485;1.65837374621539;0.0540213971032031;19.3296878019952;166.467857140809;1.0185419987483;3.58260859703844;0.541598065064031;12.6923740120531;5;0.055700;0.175474;0.192128;0.632620;0.072356;0.246318;0.348378;0.003516;0.027446;0.020991;0.057865;0;1.832792;56
white;7.51115151014248;0.305982212216653;0.314845902989118;1.11730722798017;0.0592157622092803;28.5703475877231;201.225942694201;1.0211948361804;4.02495204633981;0.443861076273783;9.19803506878679;6;0.258017;0.001209;0.058845;0.761203;0.016840;0.180780;0.495317;0.000102;0.012947;0.039818;0.132740;0;1.957818;88
red;7.25922166398038;0.415215782581783;0.217602705532203;2.59961454970463;0.0737599845062965;21.1660962592426;43.1480457229489;1.02158614001003;2.64529103712255;0.522239351395679;9.68561281036598;5;0.683136;0.236788;0.403935;0.577513;0.266590;0.410162;0.688835;0.000062;0.053340;0.054316;0.038805;0;3.413482;88
white;7.31018732237092;0.268794051496959;0.292405432951844;5.71609695465398;0.0477881589759104;44.8459136285698;158.154073549933;1.0231500043578;3.53529514839681;0.506840037547504;8.66071952567898;5;0.055700;0.087132;0.098013;0.322567;0.179392;0.474594;0.538534;0.000806;0.024339;0.002164;0.075558;0;1.858799;61
white;7.52644168806557;0.232913488777893;0.252007406184832;5.69854810934248;0.0477881589759104;25.5287881862292;98.4771445649605;1.02342714944671;3.97010774400025;0.554100209722865;11.4447231355942;6;0.683136;0.381605;0.027473;0.102139;0.179392;0.049705;0.066506;0.000801;0.012947;0.058645;0.029274;0;1.591623;13
white;7.52362837456716;0.448180457331895;0.279401331451837;6.31027699856119;0.0384383017849714;20.3996872420707;117.956621969383;1.0263053802128;3.13738792980896;0.721048634328509;15.7030116784879;7;0.258017;0.177893;0.121589;0.193984;0.339945;0.148012;0.161584;0.003234;0.018124;0.091971;0.200820;0;1.715173;32
white;7.45374653019545;0.28438801280882;0.261512398763165;2.28531744220622;0.0415549208486178;24.6073046996006;101.385765531304;1.02779212000009;2.99938589666301;0.544432075824276;10.3711069927246;7;0.571735;0.028237;0.184333;0.522406;0.286427;0.049705;0.006002;0.003415;0.046089;0.020991;0.124577;0;1.843917;57
white;6.32050084749205;0.171648964270564;0.226188053851733;5.51711868133618;0.0384383017849714;24.0375620937432;126.98874444936;1.02966063427298;2.4305213927806;0.62533846577117;13.4354902031369;5;0.683136;0.411053;0.058845;0.120508;0.339945;0.015831;0.037214;0.000801;0.006732;0.039818;0.029274;0;1.743157;37
red;7.25271729902573;0.550833866366656;0.348607568414465;3.28616892170145;0.0851875877396664;13.6871128095087;60.6793466056512;1.03280491374486;4.39013618403033;0.495115658892664;11.0023424144375;5;0.683136;0.325130;0.066641;0.504037;0.462822;0.475699;0.377671;0.003319;0.103055;0.129625;0.094619;0;3.225754;68
red;6.41003644496215;0.521019337073413;0.241269266981755;2.62315502688352;0.0862264607608819;19.8085023740555;108.267707653272;1.03483397847096;3.86647401921253;0.632232247191728;9.16467915075743;6;0.571735;0.766840;0.184333;0.614251;0.480661;0.442930;0.213445;0.001470;0.022268;0.054316;0.066028;0;3.418277;90
red;6.73915510569912;0.372362381337;0.322288847016443;1.53767513480274;0.0820709686760201;25.9698369501611;65.2669530032585;1.03972289148178;2.98237943025044;0.654456942779678;7.71127479724412;6;1.199171;0.060104;0.027473;0.687727;0.409304;0.148012;0.438175;0.002475;0.075091;0.167279;0.094619;0;3.309430;76
white;6.89370730120258;0.513287185931723;0.136075669406426;6.12424556904541;0.0498659050183413;16.9989141115915;153.97590990769;1.04114461026184;2.66911721796548;0.451969705288877;8.10269760631837;5;0.055700;0.384025;0.498051;0.083770;0.143713;0.541237;0.080431;0.000419;0.039875;0.077472;0.066028;0;1.970721;93
white;6.96842254875416;0.449931744474877;0.205065193971216;10.3698084267448;0.0571380161668494;50.078116152775;144.66195232008;1.0419008479607;3.86110781688365;0.6439432497248;8.35692431576445;5;0.055700;0.177893;0.247076;0.561364;0.018838;0.474594;0.305161;0.001570;0.005696;0.020991;0.123210;0;1.992093;99
red;9.28289730461162;0.509930605824036;0.279417090701495;1.43650603227945;0.0768766035699429;29.670372509351;77.1078328401178;1.04205110869919;2.85927734761911;0.530228889944966;10.6890201214988;5;1.199171;0.442919;0.035269;0.650989;0.320108;0.115243;0.265306;0.002374;0.059555;0.091971;0.142271;0;3.325176;80
white;6.27016225187707;0.279824810070477;0.310833019330187;4.93244051847239;0.0322050636576788;41.0190308907875;136.646897236289;1.04551353359276;4.02858622101306;0.601359207065523;12.2487087550926;7;0.683136;0.057684;0.027473;0.175615;0.446981;0.245213;0.006002;0.002360;0.050233;0.091971;0.162699;0;1.949367;84
white;8.17299199342298;0.540891569435623;0.307988501878238;2.8242446541564;0.0498659050183413;25.5292634263203;86.5918477660548;1.04851148633039;3.68641069962556;0.39103145315326;8.72396756474522;7;0.055700;0.295683;0.121589;0.375454;0.143713;0.279087;0.031933;0.002832;0.002588;0.303397;0.076926;0;1.688902;28
white;8.13187678888631;0.28680828259318;0.350511585170188;7.33202126073003;0.0322050636576788;31.1872985811415;136.598835838751;1.05251549132731;3.55757327011041;0.632919419424032;12.8505463872585;7;0.683136;0.057684;0.027473;0.175615;0.446981;0.245213;0.006002;0.002360;0.050233;0.091971;0.162699;0;1.949367;83
red;8.09219565498251;0.648512427605906;0.321227284031187;5.73958416947945;0.0727211114850811;33.6257823494843;141.610379934076;1.05481952981952;2.64547131216628;0.606276550349426;7.8442948379052;5;0.258017;0.737393;0.184333;0.322567;0.248751;0.146906;0.045857;0.003420;0.047126;0.077472;0.104149;0;2.175991;14
red;5.35364958514782;0.120844278842871;0.419898637273354;2.43891054788009;0.0706433654426502;15.8528886591645;37.2126006434062;1.05670822094908;3.60460037335223;0.612749831215554;13.236683532514;6;0.369418;0.528842;0.380359;0.540775;0.213072;0.442930;0.732052;0.001425;0.040911;0.016662;0.181759;0;3.448205;94
white;7.1480234483148;0.313485254115095;0.407170655409322;7.06871282100399;0.0332439366788942;19.1972371964145;129.20458241084;1.06743771621223;3.85142909401939;0.533611712004038;10.2252714050922;6;0.258017;0.057684;0.066641;0.212353;0.429142;0.213549;0.031933;0.000354;0.000518;0.133954;0.066028;0;1.470173;9
white;6.44018010687296;0.303223479846791;0.242230466754417;5.93940397399107;0.0342828097001097;28.0761082087092;107.277498064236;1.06857072492732;3.0468515123212;0.496487322518163;11.669565549533;7;0.055700;0.057684;0.247076;0.028663;0.411303;0.246318;0.037214;0.001364;0.092697;0.242587;0.018376;0;1.438982;7
red;5.55218568039492;0.405947872407461;0.409371674743406;2.73679845102758;0.0685656194002193;18.878086879475;57.6941409845916;1.07135649667752;3.63798909088267;0.859215659106437;13.2661542183065;6;0.055700;0.148446;0.380359;0.522406;0.177393;0.279087;0.585114;0.000243;0.025375;0.581475;0.095986;0;2.851584;39
white;5.76386169830233;0.168134616853877;0.262054851573398;4.29784668930671;0.0353216827213251;29.4797776089268;108.156184251012;1.07431332883342;2.68182980834429;0.447285792340102;9.20400682367377;7;0.369418;0.558289;0.066641;0.026443;0.393463;0.081369;0.101080;0.000605;0.047126;0.020991;0.113680;0;1.779105;43
red;5.47550279754649;0.336995555302327;0.242188038958729;1.92257189321542;0.0997318100366826;22.4838236570584;63.8653203295708;1.07766723787266;3.29327421007579;0.792600264788302;10.1190723294401;6;0.369418;0.030657;0.090217;0.540775;0.712572;0.344624;0.541896;0.001510;0.062662;0.223760;0.048335;0;2.966426;45
red;7.88718208781515;0.302431302976926;0.284337004137751;2.48251236626372;0.0737599845062965;24.8744409480051;40.8252054363649;1.07890557996809;2.70843496169785;0.613797220348142;7.69408623339629;5;0.055700;0.001209;0.247076;0.632620;0.266590;0.016937;0.550540;0.001067;0.068876;0.091971;0.037437;0;1.970023;7
white;5.57134568562234;0.221460467011102;0.43610684002595;6.13720837236849;0.056099143145634;40.3526096982719;190.241692790179;1.07901971174981;3.09509231129363;0.432983992455509;9.2468577931302;5;0.055700;0.352158;0.098013;0.010294;0.036677;0.212444;0.581752;0.000042;0.042982;0.058645;0.018376;0;1.467083;8
red;7.4605209423453;0.304163162205211;0.320864413053361;1.92119164747342;0.0820709686760201;23.2110988233335;68.3436998174864;1.08421364571777;4.25068269348778;0.768635417587406;9.61189704030512;6;1.199171;0.060104;0.027473;0.687727;0.409304;0.148012;0.438175;0.002475;0.075091;0.167279;0.094619;0;3.309430;77
red;6.5316703409654;0.546226734163397;0.17256227159902;1.58970584963008;0.0509047780395568;19.6512214022924;55.3263711095007;1.08679677137091;2.66131965211305;0.695402715835289;14.027742603541;6;0.258017;0.295683;0.372563;0.706096;0.125874;0.213549;0.446818;0.001204;0.050233;0.073143;0.115047;0;2.658227;34
white;6.99674841177744;0.366849525602938;0.280522253194775;4.97239772547995;0.0394771748061869;19.5941469857985;99.0897261671891;1.08693025186247;2.73183051450449;0.633112849191338;11.3554228607889;7;0.055700;0.060104;0.129385;0.047032;0.322106;0.148012;0.152941;0.003315;0.089590;0.110798;0.191290;0;1.310273;2
red;6.38459256307265;0.413055888841145;0.345409150944967;2.68645949321188;0.0768766035699429;7.1486451655318;55.2846925857405;1.09019665119203;2.80693038534831;0.640942875351933;8.27920834438359;6;0.258017;0.148446;0.027473;0.559144;0.320108;0.705081;0.602401;0.001510;0.059555;0.016662;0.104149;0;2.802546;37
red;7.19377296035849;0.28784101855256;0.313957402710304;2.24281771363651;0.0644101273153575;15.1674772167115;27.001550776552;1.09288819346938;3.24090395738297;0.859857118177745;10.6039348242629;7;0.055700;0.089551;0.003897;0.632620;0.106036;0.508468;0.757983;0.000002;0.003625;0.374377;0.076926;0;2.609185;32
red;7.49249774813169;0.314992132660927;0.360121314531686;1.29914420645824;0.0612935082517112;6.88018588368744;8.41591446763437;1.09665500410197;3.6442108440055;0.603289638713199;8.90752767400682;6;0.258017;0.101856;0.223500;0.779572;0.052518;0.770618;0.904922;0.001395;0.022268;0.020991;0.095986;0;3.231643;69
red;5.92208303797016;0.643518723935439;0.300609051287912;1.69055315903088;0.0758377305487274;26.6660996802386;94.6804736921313;1.09984091516131;3.26682954586481;0.400422438136795;11.9029994766225;5;0.885453;0.796287;0.184333;0.650989;0.302268;0.213549;0.239376;0.001429;0.025375;0.002164;0.066028;0;3.367251;86
white;8.58643492083096;0.19856058200979;0.278470294527592;7.78754077516026;0.0581768891880649;21.046700691121;88.2429202898635;1.10091706943889;2.41773729039733;0.446454589052331;7.62777372888695;5;0.369418;0.381605;0.152961;0.579733;0.000999;0.148012;0.040576;0.000907;0.083376;0.020991;0.094619;0;1.873197;64
white;8.65891073325319;0.345572281862349;0.248556065945328;6.76609969515451;0.0529825240819876;40.842821297543;130.911496848978;1.1010176216582;3.21870207462878;0.565314253080481;11.8110003087225;5;0.055700;0.001209;0.058845;0.542995;0.090195;0.310750;0.443456;0.002877;0.081305;0.167279;0.075558;0;1.830169;54
red;8.12477468494725;0.40272432640554;0.397421549325956;1.83706053000374;0.0706433654426502;9.63674435134465;31.0095113421246;1.10374112919802;2.73240990219308;0.690332131025984;10.6104399108344;6;0.571735;0.030657;0.035269;0.559144;0.213072;0.705081;0.775270;0.000002;0.044019;0.129625;0.134108;0;3.197982;63
red;6.23517360579454;0.499364541793889;0.215753426256924;2.99555041178081;0.0716822384638657;11.638307010535;28.679378014569;1.1041615262195;3.3705600384034;0.578846215945512;8.18172405037228;6;0.055700;0.442919;0.435307;0.504037;0.230911;0.574006;0.706122;0.002012;0.022268;0.096299;0.123210;0;3.192791;62
red;9.21684854500492;0.603915692821661;0.207967301075818;2.08426088664603;0.0758377305487274;18.1838753180405;109.582955132718;1.10925265539402;2.53242852096979;0.534883128735893;11.6101791897136;5;0.885453;0.796287;0.184333;0.650989;0.302268;0.213549;0.239376;0.001429;0.025375;0.002164;0.066028;0;3.367251;87
red;8.55933903088544;0.323180439627169;0.238884290360233;1.29679561930975;0.0831098416972355;37.3221578498294;67.8876416807438;1.10934620904446;3.80459027884463;0.428834815463563;11.6118839381353;5;0.369418;0.060104;0.058845;0.706096;0.427144;0.146906;0.394958;0.002244;0.068876;0.058645;0.104149;0;2.397385;22
red;5.71996739242157;0.357884606515111;0.31149755981794;1.6735400735204;0.0851875877396664;25.902307759154;78.2782367023962;1.10947120108499;4.27620246422912;0.476210019477684;7.26185978851315;5;0.369418;0.001209;0.121589;0.632620;0.462822;0.015831;0.412245;0.002254;0.071983;0.096299;0.104149;0;2.290419;19
red;6.32589171177018;0.476141647195007;0.294651315848743;2.90290535556904;0.0758377305487274;23.1348813295182;60.7744769738635;1.10953065604903;3.38053394745821;0.647925836151991;10.5184577433294;6;1.512889;0.266235;0.215704;0.522406;0.302268;0.049705;0.455462;0.001460;0.047126;0.091971;0.000683;0;3.465909;98
white;6.39630498491062;0.379084770578902;0.271073713499027;4.20441998925931;0.0332439366788942;21.4053976178294;125.623407291777;1.11152526729031;2.75092623175054;0.689064903072615;8.22386554435359;7;0.055700;0.030657;0.215704;0.028663;0.429142;0.246318;0.037214;0.001364;0.089590;0.242587;0.018376;0;1.395315;6
white;8.77096826402095;0.259235795353508;0.301157389165694;8.12995991581703;0.0529825240819876;44.7823344940554;140.710002969446;1.11455453881839;3.52933578220719;0.641224811768587;7.49568405568937;5;0.055700;0.001209;0.058845;0.542995;0.090195;0.310750;0.443456;0.002877;0.081305;0.167279;0.075558;0;1.830169;55
white;7.91184566753693;0.256717214317291;0.283772700018315;1.85812033372554;0.0446715399122641;23.3873486824976;112.367678562758;1.12334372593349;3.60768293887984;0.546514021425114;15.1388756702586;7;0.258017;0.116579;0.035269;0.577513;0.232910;0.082474;0.080431;0.003878;0.037804;0.171608;0.200820;0;1.797303;47
red;6.3871538742356;0.53201224032621;0.218822416292685;2.20796629574112;0.0862264607608819;15.0403162709701;109.26325985022;1.13239338309439;2.50705275557102;0.398597307420906;11.2319532562426;5;0.055700;0.649051;0.184333;0.632620;0.480661;0.574006;0.135654;0.001168;0.012947;0.020991;0.056498;0;2.803629;38
red;5.37902692381865;0.441692629954608;0.220752413388032;2.0708204621411;0.0893430798245282;24.8564390218464;77.1719958941064;1.13320266734852;3.1109551105342;0.640824042383312;7.7988932316448;6;0.683136;0.060104;0.341192;0.577513;0.534179;0.344624;0.438175;0.000887;0.056447;0.016662;0.037437;0;3.090356;57
white;5.92411310479868;0.204528159820333;0.29309174787654;6.01638064553858;0.0415549208486178;19.3982392318748;132.146670878197;1.13408541339732;2.46001507522158;0.65235736075906;9.97091902831075;6;0.683136;0.322711;0.035269;0.065401;0.286427;0.180780;0.175509;0.000303;0.008803;0.091971;0.094619;0;1.944929;80
white;8.0263643179686;0.264392667816377;0.205870632643945;6.99640236045319;0.0519436510607722;42.8793805006723;144.657360085501;1.13718623672242;3.82131498289871;0.41078359048929;7.0656461436188;5;0.055700;0.087132;0.184333;0.340936;0.108034;0.212444;0.357022;0.001560;0.039875;0.190435;0.142271;0;1.719742;36
red;5.28293052358903;0.338965675885206;0.225868593692686;2.53561972186799;0.0893430798245282;29.24032613166;55.9692994425851;1.14049834635345;4.14231944629121;0.612767482302241;10.2540752176957;6;0.683136;0.060104;0.341192;0.559144;0.534179;0.213549;0.403601;0.000866;0.056447;0.002164;0.037437;0;2.891819;41
red;8.33974768331339;0.472219492412866;0.160716216954978;1.7402438169541;0.0851875877396664;27.8404929071163;57.5192739266823;1.1417299841921;2.93909182442755;0.711747331975401;9.90734368364725;5;0.369418;0.266235;0.466679;0.669358;0.462822;0.115243;0.559183;0.001651;0.084412;0.204933;0.008846;0;3.208780;64
red;5.78131012827119;0.305845146990655;0.400338751567572;0.946845268989904;0.0612935082517112;7.76393468032937;11.2174691654248;1.1424472438346;2.93049234308312;0.5140580249212;10.6906107653192;6;0.258017;0.101856;0.223500;0.779572;0.052518;0.770618;0.904922;0.001395;0.022268;0.020991;0.095986;0;3.231643;70
white;5.50913786068006;0.231257310422249;0.277622115445381;11.4744749107757;0.0644101273153575;20.6511568008358;96.7352345039271;1.14390150337568;2.57545398870148;0.58359109558789;10.2961152830229;5;0.055700;0.234369;0.003897;0.910374;0.106036;0.246318;0.014646;0.001912;0.003625;0.077472;0.000683;0;1.655032;24
white;8.44303226644032;0.223477016393022;0.520352937173967;1.90921689156089;0.0519436510607722;39.2205744919847;122.043908034509;1.14456240884494;3.61738188636981;0.356522300534151;12.2351390378368;6;0.055700;0.204921;0.317615;0.706096;0.108034;0.146906;0.166866;0.002712;0.086483;0.133954;0.048335;0;1.977622;95
white;8.02143261437287;0.440880367646977;0.297761655550882;7.10494501901546;0.0384383017849714;30.1570092182531;81.8411467208665;1.14525955537299;3.35276228253904;0.565972559757615;12.4178694990079;7;0.258017;0.177893;0.121589;0.193984;0.339945;0.148012;0.161584;0.003234;0.018124;0.091971;0.200820;0;1.715173;33
white;6.14460336602463;0.206413061016242;0.372192846048438;6.46548892132731;0.0353216827213251;17.9391673529689;95.719624965022;1.14765246278241;3.63633893909224;0.392804935576478;8.89818449717955;7;0.055700;0.440500;0.027473;0.157246;0.393463;0.442930;0.109724;0.001656;0.021232;0.020991;0.086456;0;1.757371;40
white;6.6419097933417;0.230459824289907;0.333614293769232;1.50766964335397;0.0477881589759104;42.451499349912;120.306547131823;1.14945534247693;2.78685177876034;0.554550050684058;7.9448691492246;7;0.055700;0.440500;0.027473;0.742834;0.179392;0.212444;0.166866;0.000801;0.037804;0.073143;0.027907;0;1.964864;91
white;8.74716432053532;0.227497330950642;0.310807699674069;1.92662855504618;0.0498659050183413;32.1279085889674;139.620731827124;1.14985780727183;3.93693900551472;0.456989640774696;9.79720404383812;5;0.055700;0.293263;0.058845;0.706096;0.143713;0.115243;0.132292;0.001405;0.009839;0.152781;0.000683;0;1.669860;26
red;6.67403876902212;0.249225266022592;0.37580625285168;1.51772264635992;0.0644101273153575;10.3395584123706;33.6918752151965;1.15017970023159;3.33026419374486;0.41923697565092;8.57663143773933;6;0.571735;0.146027;0.192128;0.687727;0.106036;0.705081;0.740696;0.002113;0.059555;0.002164;0.094619;0;3.307881;75
white;8.85062718669632;0.211972646147227;0.26167769574273;2.38608765206547;0.0498659050183413;24.0491651863218;146.508394886043;1.15127578167651;3.16701097983643;0.537695095522325;7.07358387622998;6;0.055700;0.204921;0.152961;0.559144;0.143713;0.016937;0.287874;0.001103;0.036768;0.039818;0.123210;0;1.622149;16
red;8.40520753977963;0.615805170920225;0.286553625128643;1.63367443321476;0.0862264607608819;20.8080965590953;72.054813676144;1.15672453401733;3.89800218076966;0.422020812927877;9.90306159259642;6;0.571735;0.766840;0.184333;0.614251;0.480661;0.442930;0.213445;0.001470;0.022268;0.054316;0.066028;0;3.418277;89
white;6.0306730533601;0.319907247345504;0.4064890757702;4.73612183133158;0.0290884445940324;37.6684801504264;86.2248627535184;1.1698957420514;3.57468652905972;0.413907907065658;11.7217993283615;6;0.258017;0.234369;0.537218;0.081550;0.500499;0.048600;0.075150;0.001103;0.006732;0.016662;0.029274;0;1.789174;46
red;8.52212301069237;0.36671058173232;0.373748476514438;2.61436085194666;0.0664878733577884;25.4618862806648;44.4448946913227;1.17207983262809;3.23418221630483;0.945356948725725;13.3976178974912;7;0.258017;0.001209;0.035269;0.540775;0.141715;0.311855;0.680192;0.000505;0.040911;0.449685;0.153168;0;2.613301;33
red;6.18476000475888;0.415854953214216;0.145511065098095;2.52772551664893;0.0789543496123738;17.6399958152435;41.9289405748397;1.17387247526407;3.34683094166064;0.434120003587776;8.99814684368248;5;0.369418;0.354577;0.560794;0.485668;0.355786;0.508468;0.680192;0.001550;0.044019;0.077472;0.019744;0;3.457688;96
white;6.38140453038009;0.356036412311216;0.269296393883777;1.21894819862633;0.0519436510607722;36.4321247682844;111.230551629742;1.17964398406766;3.25153321236074;0.664685977791499;9.7571280563325;6;0.571735;0.087132;0.121589;0.706096;0.108034;0.081369;0.184153;0.001807;0.028483;0.054316;0.000683;0;1.945397;81
white;8.028309943826;0.268696970598623;0.385107492363796;1.26953985179323;0.0488270319971259;21.8351768328737;103.288461156662;1.18107594747586;2.72836593243115;0.426625015593937;12.8489083783405;5;0.055700;0.263816;0.003897;0.724465;0.161552;0.115243;0.140935;0.001405;0.012947;0.171608;0.000683;0;1.652251;22
red;6.8371787526189;0.326321957626685;0.462502882218799;2.90655869262754;0.0675267463790039;38.5212969384957;68.8275903438654;1.18163814391702;3.36026425933975;0.810333123345111;13.9321496947817;6;0.885453;0.087132;0.286244;0.559144;0.159554;0.114138;0.481392;0.000223;0.037804;0.600302;0.086456;0;3.297842;74
white;7.4891982622894;0.307447972536034;0.419359348333631;6.10485474404699;0.0415549208486178;36.0841910171882;142.094128646804;1.1829229101908;2.61807233068177;0.540546927127965;12.1998657994887;6;0.258017;0.234369;0.129385;0.044812;0.286427;0.015831;0.218726;0.001606;0.018124;0.110798;0.048335;0;1.366430;5
white;6.20767542048613;0.411414668935093;0.286659223442474;6.00318601397108;0.0446715399122641;14.8745037049304;83.9073718068071;1.1856590986225;2.73409500717163;0.509160719880727;9.3445232513525;4;0.258017;0.442919;0.003897;0.044812;0.232910;0.410162;0.101080;0.000505;0.006732;0.152781;0.019744;0;1.673559;27
white;7.9237786528858;0.481706431888405;0.396509033079682;5.21810852298618;0.0436326668910487;15.8754801783449;141.802087075226;1.18716499048596;2.68030131402743;0.357019098470682;8.95531862640006;5;0.571735;0.207341;0.066641;0.136657;0.250749;0.377393;0.097718;0.000605;0.009839;0.209262;0.008846;0;1.936786;79
red;5.61066049404469;0.4391534318002;0.508794053376338;2.89810352895178;0.0914208258669591;38.2680587991381;127.553848682774;1.18778603100892;3.24927652804485;0.874092087653161;8.89278436201807;5;0.258017;0.074828;0.537218;0.540775;0.569858;0.277981;0.083793;0.001912;0.044019;0.468512;0.048335;0;2.905248;43
white;8.00367707032724;0.272319055242802;0.31580452743593;1.66815281854112;0.0353216827213251;30.3462649005751;103.81316890098;1.18928112304859;3.41747115751886;0.695845447972877;13.0298831172005;6;0.055700;0.028237;0.121589;0.742834;0.393463;0.148012;0.057863;0.002249;0.019161;0.073143;0.010214;0;1.652465;23
white;6.82701986583297;0.320655066680619;0.323501294519546;1.79890783556543;0.037399428763756;33.5451215073465;125.49973242604;1.19309174758953;3.35840237966872;0.400506583774446;11.7505099636104;6;0.571735;0.060104;0.003897;0.650989;0.357785;0.115243;0.028571;0.002752;0.021232;0.077472;0.067396;0;1.957176;87
red;9.30096266915281;0.416333070569363;0.447069058057076;7.56276633668788;0.0737599845062965;17.8086872038426;91.7150572932226;1.19962574778884;3.70558631007308;0.832806309883849;11.3944516264615;5;0.885453;0.472367;0.129385;0.120508;0.266590;0.442930;0.118367;0.003118;0.040911;0.506166;0.000683;0;2.986478;47
white;8.28470736315929;0.217110234285313;0.313339847389056;1.61354924731241;0.0550602701244185;25.7021809346185;106.508140766462;1.20060155899175;3.08504974327321;0.487351762788948;10.5321094629998;6;0.055700;0.322711;0.223500;0.724465;0.054517;0.148012;0.083793;0.003053;0.011910;0.115126;0.057865;0;1.800652;49
white;5.58248997989189;0.185813178913789;0.395945828915558;3.87783901576983;0.0249329525091707;37.3131990444656;103.583941384546;1.2057598706641;2.71376733424498;0.567282473494215;10.005257928106;5;0.258017;0.293263;0.223500;0.338716;0.571856;0.146906;0.002640;0.001907;0.015017;0.039818;0.038805;0;1.930445;77
white;5.58675323966482;0.276369169691;0.321527513186456;7.10945702577947;0.0519436510607722;27.2817370448682;161.623274581377;1.20707307206539;2.94615472977698;0.54151856794338;12.6321881076512;6;0.258017;0.234369;0.058845;0.708315;0.108034;0.146906;0.331091;0.001118;0.002588;0.058645;0.008846;0;1.916774;73
red;6.95170865322739;0.368959381051545;0.350665067956561;2.13348073590984;0.0716822384638657;14.6809483410892;75.9382887013762;1.2090451128578;4.05744616665917;0.418976612863172;7.83281096046338;6;1.199171;0.266235;0.027473;0.614251;0.230911;0.574006;0.360384;0.001108;0.012947;0.016662;0.056498;0;3.359646;85
red;6.79351109916623;0.223555756726042;0.411812261113274;2.29227903155818;0.065449000336573;10.2958005123056;42.0370013672667;1.21610467876348;2.93554048069696;0.987704229491476;15.3953677421335;7;0.055700;0.263816;0.160756;0.540775;0.123875;0.639543;0.645618;0.000309;0.093734;0.506166;0.181759;0;3.212051;66
white;8.7996161672328;0.306202073210375;0.268182688941062;5.58981195451193;0.0550602701244185;45.3373530172926;155.092790192635;1.21722693583547;3.86627022896742;0.548722926847847;7.83217824002422;6;0.571735;0.116579;0.058845;0.044812;0.054517;0.474594;0.408882;0.000600;0.030553;0.152781;0.018376;0;1.932274;78
red;8.85354372027577;0.361162581946696;0.299071806823651;1.92271645335604;0.0862264607608819;34.8299087949584;60.6306286907802;1.22413643310153;4.16217649810253;0.467627630638789;10.2321011554995;6;0.055700;0.030657;0.184333;0.669358;0.480661;0.081369;0.351740;0.002113;0.056447;0.091971;0.094619;0;2.098968;8
white;7.49190908319092;0.35234312183772;0.265105021493707;7.27810824006352;0.0519436510607722;16.4621086872091;119.045854708331;1.23031332205928;3.59234911663523;0.592866874803958;12.0288276704052;4;0.258017;0.118999;0.278448;0.193984;0.108034;0.410162;0.118367;0.001666;0.036768;0.035489;0.067396;0;1.627330;19
white;8.2735545366057;0.510233394176954;0.248272640330802;7.06750462108913;0.0602546352304958;35.8938068547196;151.899536776807;1.23155046950954;2.90907810451357;0.442092264805944;7.90443147537877;5;0.055700;0.266235;0.247076;0.230722;0.034679;0.310750;0.408882;0.000303;0.005696;0.228089;0.056498;0;1.844630;58
white;8.14475180577386;0.267182723395093;0.196308962833422;2.17995348402753;0.046749285954695;30.8830804316725;141.079973645532;1.23177825221725;3.88261272459261;0.509416448279181;8.19406432782096;5;0.258017;0.116579;0.215704;0.540775;0.197231;0.048600;0.054501;0.001415;0.011910;0.016662;0.018376;0;1.479770;10
white;6.24462495612826;0.172989498941513;0.31773349395532;5.44036023668069;0.0519436510607722;30.9545285907425;103.185489098489;1.23409496882349;3.48129180648317;0.418050355422221;11.8635103334523;6;0.369418;0.573013;0.035269;0.155026;0.108034;0.081369;0.132292;0.000500;0.019161;0.246916;0.085089;0;1.806087;50
red;6.54262442402578;0.373779981452293;0.218133239910026;2.18086766970962;0.0862264607608819;35.7692487662124;48.5152612611423;1.2431120576885;2.98359058521463;0.644094271100525;10.4420569176816;5;0.996854;0.177893;0.247076;0.540775;0.480661;0.016937;0.611044;0.001208;0.012947;0.091971;0.046967;0;3.224333;67
red;6.44762301899501;0.398111788551689;0.266600699980274;2.98310971897599;0.0706433654426502;5.54838507220374;16.2314355483639;1.24517652389678;2.56478185860866;0.402205189869463;10.6029033196166;5;0.369418;0.413472;0.121589;0.485668;0.213072;0.803387;0.861704;0.002133;0.006732;0.002164;0.018376;0;3.297715;73
